track,title,process
1,Track 1,true
2,Track 2,true
3,Track 3,true
4,Track 4,true
5,Track 5,true
6,Track 6,true
7,Track 7,true
8,Track 8,true
9,Track 9,true
10,Track 10,true
11,Track 11,true
12,Track 12,true
13,Track 13,true
14,Track 14,true
15,Track 15,true
16,Track 16,true
17,Track 17,true
18,Track 18,true
19,Track 19,true
20,Track 20,true
21,Track 21,true
22,Track 22,true
23,Track 23,true
24,Track 24,true
25,Track 25,true
26,Track 26,true
27,Track 27,true
28,Track 28,true
29,Track 29,true
30,Track 30,true
31,Track 31,true
32,Track 32,true
